{
  "project_info": {
    "project_number": "552396628911",
    "project_id": "travels-2eaaf",
    "storage_bucket": "travels-2eaaf.appspot.com"
  },
  "client": [
    {
      "client_info": {
        "mobilesdk_app_id": "1:552396628911:android:464b9e1424391c323cc55a",
        "android_client_info": {
          "package_name": "com.example.trip_application"
        }
      },
      "oauth_client": [
        {
          "client_id": "552396628911-sp7dphd3bj3s00j5adm31tdgci16e1ss.apps.googleusercontent.com",
          "client_type": 3
        }
      ],
      "api_key": [
        {
          "current_key": "AIzaSyBW12vM5e2IttspQDCS1XNQWSvM2ebi2U8"
        }
      ],
      "services": {
        "appinvite_service": {
          "other_platform_oauth_client": [
            {
              "client_id": "552396628911-sp7dphd3bj3s00j5adm31tdgci16e1ss.apps.googleusercontent.com",
              "client_type": 3
            }
          ]
        }
      }
    }
  ],
  "configuration_version": "1"
}